Interval,Trend.Value/Trend.Type/max available seats.avg,Trend.Value/Trend.Type/available seats.avg,Trend.Value/Trend.Type/ultraSound.avg,Trend.Value/Trend.Type/Sound.avg,Trend.Value/Trend.Type/Light.avg,Trend.Value/Trend.Type/Temperature.avg,Trend.Value/Trend.Type/Humidity.avg
10/20 16:00,805,730.7272727272727,310.8474238542556,298.33504127526334,196.31483062909194,22.07159123256476,17.94819242812411
10/20 16:20,805,743.3125,308.89580359691695,293.3576934056523,175.78732514987155,21.927918926634312,17.96660005709392
10/20 16:40,805,749.2,308.2845022624434,287.09615384615387,172.49010180995475,21.884615384615383,18.180712669683256
10/20 17:00,805,757.7333333333333,304.8057493720346,282.55986603404966,180.7432319285515,21.887245325146527,18.134803237510464
10/20 17:20,805,760.8125,305.38628354567635,277.7975060992139,177.94876660341555,21.822174030902683,18.175386283545677
10/20 17:40,805,771.1111111111111,303.0644095788604,274.41178089733,173.68345719790807,21.827552986512526,18.25736306083127
10/20 18:00,805,769.5714285714286,303.3188048245614,270.608826754386,164.32264254385964,21.896655701754387,18.193530701754387
10/20 18:20,805,769.3888888888889,302.5723951285521,268.85683355886334,170.2941813261164,21.891474966170502,18.16887686062246
10/20 18:40,805,778.0769230769231,302.9336258913878,264.8187054306089,157.72380691168405,21.87328579264948,17.597092704333516
10/20 19:00,805,780.9,304.0469416785206,262.2699857752489,151.99317211948792,21.761593172119486,17.51863442389758
10/20 19:20,805,783.7692307692307,304.1613941018767,259.5680965147453,163.4667560321716,21.82171581769437,18.00750670241287
10/20 19:40,805,785.8181818181819,300.08813654169,257.5402909904868,135.93144935646333,21.758813654169,18.286793508673753
10/20 20:00,805,788.7777777777778,303.2448295136948,256.3921185019564,141.04332029066518,21.7230296254891,17.71939631078815
10/20 20:20,805,790.1666666666666,299.741452991453,254.14476495726495,149.63915598290598,21.631143162393162,17.831463675213676
10/20 20:40,805,794.7272727272727,300.51878256100906,252.8700301617768,138.63888127227858,21.706059775157662,17.676994790238552
10/20 21:00,805,796,296.8591210114389,250.71011438892234,110.29229379891632,21.715532811559303,18.904575556893437
10/20 21:20,805,795.4,294.60969084423306,250.37752675386446,116.81093935790726,21.690695600475625,20.085017835909632
10/20 21:40,805,794.2857142857143,297.2883031301483,248.72130697419,160.05436573311368,21.756864360241625,19.753432180120814
10/20 22:00,805,805,297.15258939580764,244.69327990135636,123.27281134401973,21.86698520345253,6.717016029593095
10/20 22:20,805,805,290.7119122257053,247.08495297805644,113.91222570532915,21.75266457680251,7.089028213166144
10/20 22:40,805,805,292.5290716350787,245.75971731448763,116.64150337295213,21.757629296498553,7.436877610022487
10/20 23:00,805,805,299.1121805509459,242.35678725522735,111.63889810819781,21.832227016262863,7.54065715233986
10/20 23:20,805,805,301.4828934506354,241.9566634082763,104.62984685565331,21.77761485826002,8.855653307266211
10/20 23:40,805,805,295.13782489740083,240.01607387140902,96.97469220246238,21.692373461012313,9.897400820793434
10/21 0:00,805,805,293.47481279782164,240.20388019060584,99.3141592920354,21.696221919673246,9.624914908100749
10/21 0:20,805,805,293.9195088676671,238.52148703956343,98.21487039563438,21.80013642564802,9.748635743519781
10/21 0:40,805,805,294.1239782016349,237.93188010899183,96.23773841961852,21.75510899182561,9.830722070844686
10/21 1:00,805,805,297.8972922502334,236.3314659197012,121.16619981325864,21.813881107998753,9.228135698723934
10/21 1:20,805,805,296.1436388508892,235.2390560875513,99.51846785225719,21.739740082079344,10.671340629274965
10/21 1:40,805,805,298.7978502080444,235.12170596393898,96.45769764216367,21.730929264909847,11.051664355062414
10/21 2:00,805,805,297.9776592197399,234.8696232077359,100.16372124041347,21.624041347115707,10.416472157385796
10/21 2:20,805,805,298.7338983050847,233.46101694915254,99.8664406779661,21.753050847457626,10.511525423728813
10/21 2:40,805,805,299.0565649640041,233.79773740143983,97.54645183407611,21.774425779910867,10.874871443263627
10/21 3:00,805,805,297.25051124744374,232.85378323108384,96.99318336741649,21.55231765507839,11.143490115882754
10/21 3:20,805,805,297.29086538461536,232.59237637362637,95.37053571428571,21.713083791208792,11.008241758241759
10/21 3:40,805,805,299.57694784288475,232.96812620734062,113.13296844816485,21.657437218287185,10.83483580167418
10/21 4:00,805,805,298.61441677588465,234.18794233289645,187.0534731323722,21.549017038007864,11.061074705111402
10/21 4:20,805,805,297.6539074960128,237.26023391812865,188.55528973950027,21.641547049441787,11.634768740031898
10/21 4:40,805,805,297.03242094073875,238.98538400212595,187.89077863406857,21.747143236779166,14.361945256444326
10/21 5:00,805,805,295.1988877118644,240.13771186440678,188.62923728813558,21.965969279661017,14.60990466101695
10/21 5:20,805,805,297.42078947368424,242.05789473684212,189.62236842105264,22.078684210526315,15.72578947368421
10/21 5:40,805,805,296.4621251972646,243.2388216728038,195.04155707522358,22.18740136770121,16.202261967385585
10/21 6:00,805,805,294.0241723594325,245.52101944298477,222.4277456647399,22.258670520231213,16.07015239096164
10/21 6:20,805,804.3636363636364,292.6073312236287,246.1648206751055,233.79852320675104,22.22956223628692,16.07357594936709
10/21 6:40,805,798.4666666666667,288.47215624175243,246.57851675903933,263.5246766956981,22.167458432304038,16.075745579308524
10/21 7:00,805,788.2222222222222,286.0138099106418,250.11751963173572,326.388843758462,22.087056593555374,16.03330625507717
10/21 7:20,805,778.8,284.05414457158804,256.1091264303656,390.857661177784,22.053028188668712,15.92883058889199
10/21 7:40,805,769.8,292.5871875,264.2134375,499.425,21.90375,15.7728125
10/21 8:00,805,752.7083333333334,294.01720351390924,271.9037335285505,548.0527086383602,21.93612737920937,15.555270863836018
10/21 8:20,805,737.4166666666666,297.0589527645551,279.57524716221167,588.5316733797143,21.90699377517393,15.758696448187477
10/21 8:40,805,728.5238095238095,295.9448410123297,287.8033744321869,568.5778715120052,22.03682673588579,15.9935107073329
10/21 9:00,805,720.030303030303,292.79583637691746,295.53031409788167,641.144996347699,22.111395178962745,15.108473338203067
10/21 9:20,805,708.9166666666666,291.8523011059579,301.6732072779165,645.3778094898323,22.148947556189796,15.520513735283625
10/21 9:40,805,699.68,294.9945945945946,308.5570747217806,546.139586645469,22.226868044515104,15.986963434022258
10/21 10:00,805,698.1764705882352,297.873273480663,308.666091160221,580.6360497237569,22.14364640883978,15.979972375690608
10/21 10:20,805,688.4666666666667,296.6677489177489,313.1886724386724,655.085137085137,22.163239538239537,15.908730158730158
10/21 10:40,805,674.1785714285714,297.3187250996016,316.3490652773521,528.9996935335581,22.208397180508733,17.38951884768618
10/21 11:00,805,669.2352941176471,304.07712305025996,317.9786250722126,450.73454650491044,22.278162911611783,17.334777585210862
10/21 11:20,805,669.4761904761905,297.2055738687444,317.06083308360803,550.6730596344022,22.262361402457298,17.41504345220258
10/21 11:40,805,669.695652173913,299.1557147306135,318.6197446278418,557.4176269075055,22.2223606353161,17.60043600124572
10/21 12:00,805,682.0645161290323,297.97882136279924,320.02946593001843,553.8591160220994,22.265653775322285,17.749232658072437
10/21 12:20,805,680.9642857142857,302.4753389097202,320.1185462936256,460.84886068647245,22.28684741851745,17.770695125468706
10/21 12:40,805,680.7666666666667,300.538,317.38085714285717,478.32142857142856,22.390714285714285,17.85942857142857
10/21 13:00,805,675.3333333333334,296.16661681124737,317.66826204008373,549.1794795094227,22.400388872270415,20.202512713131917
10/21 13:20,805,675,302.2360992301112,318.20672939834617,468.775876817793,22.455802680353578,20.357285429141715
10/21 13:40,805,673.1538461538462,301.1281547952888,315.52131239484015,425.8463264161526,22.46564778463264,19.99326977005048
10/21 14:00,805,675.3333333333334,300.9198452183527,312.0696517412935,292.4154228855721,22.365118850193475,19.79021558872305
10/21 14:20,805,688.9642857142857,301.5690715883669,307.6442953020134,269.58808724832215,22.317813199105146,19.636744966442954
10/21 14:40,805,697.7333333333333,298.9601108033241,303.59473684210525,289.7113573407202,22.279639889196677,20.349584487534624
10/21 15:00,805,703.6666666666666,299.4268698060942,298.6869806094183,249.52243767313018,22.268282548476453,20.460664819944597
10/21 15:20,805,718.4615384615385,298.12496574403946,292.9534118936695,225.78706494930117,22.246094820498765,20.248561249657442
10/21 15:40,805,721.6538461538462,299.6399560922064,287.61964873765095,208.03649835345774,22.30063117453348,20.346597145993414
10/21 16:00,805,726.5909090909091,301.1703620544485,283.2006735896716,201.20516418748247,22.269155206286836,20.283188324445693
10/21 16:20,805,734.7647058823529,303.68395827459824,278.8942768536792,198.12235692134198,22.266563292923596,20.53707358330984
10/21 16:40,805,745.1,300.9743010449026,275.82886190341713,202.95453261790453,22.20050833097995,20.470206156452978
10/21 17:00,805,752.1111111111111,301.7160883280757,272.1370805850301,195.4533983366791,22.168339546888443,20.667622598221968
10/21 17:20,805,766.7222222222222,301.7877923559612,268.49144324015975,195.98003422703937,22.112664004563605,21.040216771249288
10/21 17:40,805,779.8421052631579,302.2127955493741,266.9115438108484,194.1134909596662,21.9221140472879,21.089568845618913
10/21 18:00,805,788.2941176470588,299.3157599551318,264.72265844083006,177.51514301738644,21.982893998878296,21.04991587212563
10/21 18:20,805,794,301.2590759075908,262.40071507150714,173.46369636963698,21.950907590759076,21.375687568756877
10/21 18:40,805,798.1428571428571,301.10463169642856,261.34849330357144,165.65150669642858,21.906947544642858,21.160435267857142
10/21 19:00,805,799.8,298.2706113292204,258.9147504206394,164.54486819966348,21.725182277061133,21.308188446438585
10/21 19:20,805,800.2727272727273,299.62920403587447,256.88004484304935,156.90723094170403,21.657511210762333,21.419843049327355
10/21 19:40,805,800.3636363636364,301.2341072415699,254.80403537866223,169.69016030956328,21.651879491431732,23.444997236042013
10/21 20:00,805,801.6363636363636,298.34725703146756,254.00250626566415,162.67641325536061,21.700779727095515,23.37593984962406
10/21 20:20,805,803.8333333333334,306.2963671128107,252.75471182736956,170.4274788309205,21.52212510243103,24.03332422835291
10/21 20:40,805,805,305.3212620027435,252.87736625514404,151.90672153635117,21.61371742112483,23.29766803840878
10/21 21:00,805,805,314.08591264101824,250.8533410471507,150.77118889210297,21.6465143187735,22.934046861440557
10/21 21:20,805,805,312.4948544545722,249.7092031755366,146.56806821523082,21.564245810055866,22.41428991473096
10/21 21:40,805,805,309.3366619115549,249.99372325249644,155.28701854493582,21.569757489300997,22.928958630527816
10/21 22:00,805,803.6666666666666,309.2355478861087,247.56514236410698,165.04515386827725,21.626258268622376,6.371872303710095
10/21 22:20,805,805,304.6232876712329,247.49971461187215,140.59503424657535,21.46917808219178,6.591609589041096
10/21 22:40,805,805,300.09446537235584,246.46595189800058,131.58446827006665,21.396696609678354,6.627933932193567
10/21 23:00,805,805,304.0300327088909,245.92179601546238,126.68123699078204,21.283526613143028,6.858459708593518
10/21 23:20,805,805,309.9742746036494,243.8525276697577,125.51390966198026,21.386479210290158,6.525276697577026
10/21 23:40,805,805,303.8696562032885,240.69925261584456,125.0185351270553,21.384005979073244,6.33662182361734
10/22 0:00,805,805,303.4378109452736,240.56467661691542,114.60167910447761,21.207555970149254,8.08115671641791
10/22 0:20,805,805,305.3652392947103,238.58186397984886,113.65050377833754,21.20749370277078,8.568639798488665
10/22 0:40,805,805,305.9122751656674,237.7437677500789,107.99968444304197,21.071789207952037,10.127169454086463
10/22 1:00,805,805,306.7971561230412,239.6326175275682,119.20081253627394,21.213000580383053,10.55977945443993
10/22 1:20,805,805,309.95602605863195,238.02638436482084,110.32605863192182,21.222801302931597,11.76384364820847
10/22 1:40,805,805,315.5220326936745,234.73702914001422,98.69225302061123,21.16950959488273,12.531627576403697
10/22 2:00,805,805,316.2788331071913,234.3972184531886,110.46811397557666,21.10261194029851,12.075644504748983
10/22 2:20,805,805,312.0627938213566,232.02619207521826,107.08092679650773,21.05221625251847,12.655137676292814
10/22 2:40,805,805,316.25422535211266,233.7654929577465,99.5531690140845,21.0431338028169,12.080281690140845
10/22 3:00,805,805,317.96822107081175,234.44939550949914,103.06113989637306,21.256822107081174,12.107081174438687
10/22 3:20,805,805,320.9485365069154,232.42200064329367,119.04117079446767,21.2840141524606,12.453843679639755
10/22 3:40,805,805,311.35795454545456,233.81912878787878,125.57544191919192,21.34832702020202,12.551136363636363
10/22 4:00,805,805,320.7261256094064,233.8302265557786,171.59305993690853,21.218382563808433,13.217665615141955
10/22 4:20,805,805,317.7833853132974,236.46385029770343,166.54408846044797,21.300255174369152,13.334278423589453
10/22 4:40,805,805,318.24309063893014,235.76909361069838,143.6451708766716,21.434323922734027,13.871025260029718
10/22 5:00,805,805,313.56774193548387,235.6811059907834,123.14132104454686,21.289861751152074,16.52288786482335
10/22 5:20,805,805,315.35246140401983,237.3871249635887,155.17448295951064,21.384648995048064,17.292164287794932
10/22 5:40,805,790.3,312.73206150341684,238.00370159453303,189.2756264236902,21.271355353075172,17.384396355353076
10/22 6:00,805,766.7735849056604,313.065986972529,239.60691022373265,233.1639762107052,21.425233644859812,17.30501274426508
10/22 6:20,805,740.59375,304.00626118067976,244.90936195587358,355.979129397734,21.32841383422779,16.53279666070364
10/22 6:40,805,709.7763157894736,308.34976387249117,252.58589138134593,419.87012987012986,21.452774498229044,18.29043683589138
10/22 7:00,805,671.2666666666667,301.6068901876346,258.8498923408182,457.54075669024917,21.41033528145186,19.07167025530606
10/22 7:20,805,634.56,303.52486187845307,267.3247391037446,492.50828729281767,21.540208717004298,19.185389809699203
10/22 7:40,805,606.0131578947369,308.51254705144294,273.2776035131744,522.8237139272271,21.606493099121707,19.076223337515685
10/22 8:00,805,569.3571428571429,316.83514938488577,279.84358523725837,581.9957820738138,21.75957820738137,18.434797891036908
10/22 8:20,805,532.830985915493,313.9449572649573,283.7767521367521,607.494358974359,22.004102564102563,19.037606837606837
10/22 8:40,805,511.7142857142857,314.8351611831173,293.89431704885345,609.0398803589233,22.14606181455633,18.885676304420073
10/22 9:00,805,491.87254901960785,308.8860497237569,300.41125690607737,628.2786602209944,22.039364640883978,19.62396408839779
10/22 9:20,805,453.76146788990826,296.71903750884644,307.06050955414014,645.791932059448,22.064932767162066,18.105803255484783
10/22 9:40,805,452.5241379310345,291.7382940108893,312.6221415607985,659.9862068965517,22.22486388384755,17.067150635208712
10/22 10:00,805,486.58641975308643,306.2309803921569,316.37450980392157,659.3368627450981,22.121960784313725,17.794901960784312
10/22 10:20,805,493.56060606060606,303.7227762265656,318.48105305145594,660.1483845233347,22.14918228958915,17.280813721579577
10/22 10:40,805,501.66285714285715,310.91367757193535,323.3685455262121,679.5561687031927,22.14052029956642,16.703981080015765
10/22 11:00,805,421.0719424460432,308.4575779550399,326.42603335750545,649.7106598984772,22.314720812182742,17.126903553299492
10/22 11:20,805,398.92783505154637,305.2009933774834,327.5274834437086,622.5761589403974,22.265562913907285,17.146688741721853
10/22 11:40,805,392.34645669291336,312.57463672391015,326.612285336856,603.2774108322325,22.231836195508585,17.128467635402906
10/22 12:00,805,378,303.40458265139114,327.01178396072015,574.5135842880524,21.97266775777414,16.963338788870704
10/22 12:20,805,367.72093023255815,302.2023731048121,329.0032959789057,592.6595253790375,22.19841793012525,17.235662491760053
10/22 12:40,805,381.8813559322034,306.19568106312295,327.1936877076412,578.6521594684385,22.392691029900334,16.95847176079734
10/22 13:00,805,381.7798165137615,311.2261654135338,328.1518796992481,534.7780451127819,22.461052631578948,17.126315789473683
10/22 13:20,805,373.78,297.2116616110549,325.9935962251432,611.9406808223795,22.48112571621166,17.01314459049545
10/22 13:40,805,368.35714285714283,298.54814601897095,328.82494969818913,509.15521701638403,22.574446680080484,15.988502443230814
10/22 14:00,805,390.9381443298969,299.44985250737466,324.5345132743363,442.48790560471974,22.57566371681416,15.902064896755162
10/22 14:20,805,389.632183908046,303.21677307022634,321.3009286128845,438.75856065002904,22.656413232733605,16.104178757980268
10/22 14:40,805,407.97872340425533,300.7376807317793,320.3505458837415,425.81085866037176,22.46267335497197,17.348480377692535
10/22 15:00,805,413.42857142857144,301.483400114482,317.52375500858614,351.62793360045794,22.593589009730966,16.211791642816255
10/22 15:20,805,424.42857142857144,298.3965565904601,311.9633079311318,252.19531470505223,22.50437482359582,15.801016088060965
10/22 15:40,805,449.40579710144925,289.9171770195392,305.02653834937297,224.31612715077281,22.36016331291922,15.573344998541849
10/22 16:00,805,475.77777777777777,286.6525724423418,300.39591957421646,212.94115907746897,22.422678888231815,17.02454169130692
10/22 16:20,805,498.0344827586207,291.6042908224076,292.8286650774732,208.76370679380216,22.140345649582837,15.849523241954708
10/22 16:40,805,525.54,292.89102005231035,290.4835803545481,210.29177564661435,22.138477186864282,15.997965707643127
10/22 17:00,805,547.2592592592592,284.82634552482904,283.97294082664285,208.33511745465358,21.949003865596193,15.490930716622064
10/22 17:20,805,573.025,287.24119402985076,280.3041791044776,211.60388059701492,21.923582089552237,15.51910447761194
10/22 17:40,805,595.4347826086956,284.5334533453345,277.7371737173717,212.34053405340535,21.90939093909391,15.710171017101711
10/22 18:00,805,608.8611111111111,283.65451230628986,273.75812822850196,210.98085688240656,22.094196292920085,15.780613795199027
10/22 18:20,805,625,283.7524812030075,271.01112781954885,211.686015037594,21.991127819548872,16.224962406015038
10/22 18:40,805,635.5652173913044,279.0440270032286,268.1121221015556,209.9251540945113,22.028177282066334,17.045494570002933
10/22 19:00,805,648.125,279.68767908309457,266.79169054441263,204.723782234957,21.882234957020056,17.1189111747851
10/22 19:20,805,661.1034482758621,284.420040195234,265.2552397358599,197.74102784955497,21.90755096181453,17.256388171116853
10/22 19:40,805,670.8,282.9202877697842,262.92258992805756,190.70877697841726,21.799136690647483,17.319424460431655
10/22 20:00,805,678.6428571428571,285.2155963302752,262.3411697247706,193.67574541284404,21.89908256880734,17.25802752293578
10/22 20:20,805,678.6666666666666,281.5505743905856,259.73746147380217,189.45643037265341,22.042588960493134,16.99467637993836
10/22 20:40,805,683.3888888888889,281.31149425287356,257.98735632183906,174.42241379310346,22.14152298850575,16.800574712643677
10/22 21:00,805,691.5333333333333,284.477534562212,255.7701612903226,161.74337557603687,22.130904377880185,17.039458525345623
10/22 21:20,805,697.625,288.9883687943262,253.76794326241134,171.2082269503546,22.096312056737588,17.21276595744681
10/22 21:40,805,697.8,285.79082515868436,252.6407963069821,169.45816503173688,22.12579342181189,17.184362377380264
10/22 22:00,805,805,286.93663831035497,251.65180404810795,182.31152830742153,22.203138750366676,6.177764740393077
10/22 22:20,805,805,293.0474399768585,250.78767717674285,157.35203934046862,22.190338443737346,6.811397165172115
10/22 22:40,805,805,293.39017256507753,249.76718338695525,153.49458906112898,22.045627376425855,7.933021351272302
10/22 23:00,805,805,296.17051671732526,249.46231003039514,137.33434650455928,21.958662613981762,9.379635258358663
10/22 23:20,805,805,290.3091299019608,247.48314950980392,134.30514705882354,22.037683823529413,9.889093137254902
10/22 23:40,805,805,300.4630969609262,245.96382054992765,141.40781476121563,21.870767004341534,9.563820549927641
10/23 0:00,805,805,302.1575973832887,245.54921201308355,152.66577460600655,21.848944394885518,9.553969669937556
10/23 0:20,805,805,300.88284518828453,244.5774058577406,123.9578601315003,21.82083084279737,9.85415421398685
10/23 0:40,805,805,305.6886967263743,243.32489190858556,135.72143298332304,21.958770846201357,9.809141445336628
10/23 1:00,805,805,301.66996173469386,242.1045918367347,113.56345663265306,21.881377551020407,11.417729591836734
10/23 1:20,805,805,302.6210160934049,240.9163774061218,116.07194698643104,21.70337645945093,11.959924266330072
10/23 1:40,805,805,302.885587431694,237.96209016393442,101.02732240437159,21.712773224043715,11.961407103825136
10/23 2:00,805,805,314.4929435483871,236.77822580645162,117.94254032258064,21.735887096774192,12.28494623655914
10/23 2:20,805,805,311.52273481579823,237.08496515101228,105.67208762031198,21.719548622635248,14.141719216727514
10/23 2:40,805,805,304.942014242116,233.67751780264496,105.73584265852831,21.574432010851137,15.126144455747712
10/23 3:00,805,805,317.98508853681267,233.63466915191054,120.10189499844672,21.66247281764523,15.225535880708295
10/23 3:20,805,805,317.0211338477021,233.1060046964106,119.31164038913117,21.616236162361623,15.302247567930225
10/23 3:40,805,805,313.4012128949888,232.88732843919567,133.2553463134376,21.636769869135016,15.321736354931376
10/23 4:00,805,805,313.85285118219747,234.92044506258694,174.5702364394993,21.422253129346313,15.038386648122392
10/23 4:20,805,805,316.41107622038254,238.03910933485585,160.39908649728804,21.42092492149586,14.88095917784756
10/23 4:40,805,805,324.8817994707439,235.97206703910615,151.48074095854162,21.548515142605115,15.063510732137606
10/23 5:00,805,805,316.5198448224411,237.13040883318413,144.22053118472098,21.683527305282006,15.262011339898537
10/23 5:20,805,805,312.83328615907163,237.60317011038777,171.22785168412113,21.62057741296349,14.895556184545711
10/23 5:40,805,804.9,312.2801458216489,238.78743690409422,185.41503084688728,21.70611329220415,15.713404374649468
10/23 6:00,805,802.1428571428571,314.1005867560771,239.77675328303997,184.70662196144175,21.75146689019279,16.990779547359598
10/23 6:20,805,786.219512195122,319.95280068239975,241.12396929201023,180.68325277224906,21.756752914415696,16.977822007392664
10/23 6:40,805,768.4142857142857,321.6635123851934,243.79237406067352,218.4160868355135,21.790147509045365,16.635402170887836
10/23 7:00,805,744.253164556962,322.54963338973494,244.52171460800903,209.70812182741116,21.847292724196276,16.951494641849973
10/23 7:20,805,707.031746031746,319.18615685180015,246.36533631035445,230.45325146525258,21.81928551493162,17.43064471113592
10/23 7:40,805,671.8157894736842,319.7773426573427,250.49818181818182,233.60615384615386,21.85146853146853,17.484755244755245
10/23 8:00,805,630.9634146341464,324.8495575221239,249.1094395280236,247.7457227138643,21.96873156342183,17.371386430678466
10/23 8:20,805,589.6229508196722,316.9115464529534,251.4369249035322,272.0940932027308,22.052241021074504,17.561590976550907
10/23 8:40,805,559.448275862069,319.02100456621,254.01065449010653,365.69893455098935,22.214307458143075,17.375951293759513
10/23 9:00,805,547.2577319587629,310.4053452115813,260.6697422844416,559.5278396436526,22.218103722558066,17.587973273942094
10/23 9:20,805,527.7264150943396,321.86243226971703,269.5872968091511,442.860626128838,22.296056592414207,17.806742925948225
10/23 9:40,805,537.35,323.77821245862174,270.00331026181163,414.9449292807704,22.4301835690641,20.30965994583208
10/23 10:00,805,550.3815789473684,321.70529411764704,272.69176470588235,379.1855882352941,22.345588235294116,20.976176470588236
10/23 10:20,805,531.3161290322581,319.16302722105894,275.91833682321266,368.1364044271612,22.356565958719713,19.98384684415196
10/23 10:40,805,495.9066666666667,319.09699494198156,275.2695626301696,466.40583159773877,22.300952097590002,19.571853614995536
10/23 11:00,805,438.01785714285717,316.65857936275944,279.50570008769364,405.2607424729611,22.40032154340836,19.966384098216896
10/23 11:20,805,394.42,319.343870014771,280.6389955686854,415.81211225997043,22.36218611521418,23.933825701624816
10/23 11:40,805,383.82105263157894,328.66035467388036,281.2467688608356,494.9419897805831,22.436579501051998,24.09107303877367
10/23 12:00,805,384.030303030303,335.9259259259259,284.913874191652,435.6840094062316,22.57995296884186,23.959435626102294
10/23 12:20,805,364.3298969072165,335.0868650435828,285.29035166816954,515.4226029455966,22.59483017733694,23.781484821160205
10/23 12:40,805,363.81,327.93248683803034,291.4224218024156,577.0517187983896,22.589191700216784,23.678847940538866
10/23 13:00,805,364.4453781512605,328.72870166614274,295.769883684376,587.0877082678403,22.721314052184848,23.804464005029864
10/23 13:20,805,357.8,335.01128798842257,299.88509406657016,490.9383502170767,22.789580318379162,23.950795947901593
10/23 13:40,805,358.14102564102564,328.594729136164,301.9472913616398,522.7224011713031,22.693997071742313,23.49809663250366
10/23 14:00,805,369.35483870967744,330.2252619324796,301.4412107101281,433.24010477299186,22.753201396973225,23.9918509895227
10/23 14:20,805,377.2169811320755,327.473853345019,299.2448144902133,371.18346479696174,22.77972538708735,23.746129126497223
10/23 14:40,805,398.196261682243,328.6832669322709,295.3964143426295,324.3340922026181,22.744593056346044,23.5774046670461
10/23 15:00,805,410.93220338983053,327.71218244803697,292.4509237875289,308.8666281755196,22.732245958429562,23.490762124711317
10/23 15:20,805,430.1829268292683,325.15524193548384,288.415034562212,235.26641705069125,22.755616359447004,23.36261520737327
10/23 15:40,805,446.47945205479454,327.0828454332553,284.51932084309135,215.78981264637002,22.553571428571427,23.547423887587822
10/23 16:00,805,476.56,327.7673371359952,280.5550885619934,210.91474031822275,22.492194536175322,22.80096067247073
10/23 16:20,805,520.6825396825396,328.1441550575409,275.75317989097516,209.76135675348274,22.50847970926711,23.6496062992126
10/23 16:40,805,557.6136363636364,326.22712369597616,271.68554396423247,210.80953800298062,22.430253353204172,23.58032786885246
10/23 17:00,805,579.3877551020408,324.11951951951954,269.23783783783784,211.3036036036036,22.287687687687686,23.724924924924924
10/23 17:20,805,609.5192307692307,323.59538598047914,268.17894114167404,210.50014788524106,22.27240461401952,23.932860100561964
10/23 17:40,805,638.9705882352941,321.0021077988558,264.80517916290273,207.1282746160795,22.19722975007528,23.78831677205661
10/23 18:00,805,663.2727272727273,318.5459735576923,262.5282451923077,208.58864182692307,22.13506610576923,23.80889423076923
10/23 18:20,805,679.7741935483871,314.54903112155023,261.3934233705226,209.10070463887257,21.946711685261302,19.795067527891955
10/23 18:40,805,694.2083333333334,313.6857724759965,260.0672097759674,210.5295315682281,21.88929298807099,19.248472505091648
10/23 19:00,805,701.7083333333334,312.2001133786848,260.6612811791383,204.92488662131518,21.653061224489797,21.75283446712018
10/23 19:20,805,718.6666666666666,311.66946308724835,259.0903243847875,204.0618008948546,21.619267337807607,21.71868008948546
10/23 19:40,805,723.4285714285714,305.66090651558073,257.86033994334275,203.92549575070822,21.64985835694051,20.576203966005664
10/23 20:00,805,730.64,298.24869262056944,257.3619988378849,188.0862870424172,21.67925624636839,19.17024985473562
10/23 20:20,805,732.95,295.3338133640553,257.5452188940092,193.25057603686636,21.581221198156683,19.871255760368662
10/23 20:40,805,737.1875,294.72109826589593,254.73728323699422,178.73294797687862,21.66734104046243,18.832947976878614
10/23 21:00,805,746.4545454545455,288.903129657228,253.90253353204173,151.96810730253353,21.594187779433682,21.93204172876304
10/23 21:20,805,748.8333333333334,288.4882301656495,253.1081081081081,149.30572507991863,21.59575704736995,22.57279860505667
10/23 21:40,805,754.6363636363636,285.5345704878779,250.63783298413648,143.81622268781803,21.499401376833283,18.72912301706076
10/23 22:00,805,804.5,280.8162590879048,247.03701255783213,138.83807005948447,21.615003304692664,6.635161929940516
10/23 22:20,805,804.9166666666666,291.71068580542266,245.82169059011164,131.6609250398724,21.70207336523126,6.594258373205742
10/23 22:40,805,805,289.79353307623853,245.30406407594185,148.3541975674874,21.76549985167606,6.334618807475526
10/23 23:00,805,805,285.0756033730736,244.48386158767084,153.61471357952894,21.855917417854027,6.296016283803431
10/23 23:20,805,805,283.90608257169873,243.67633154743146,128.06366214938544,21.752284903876458,7.858178380081942
10/23 23:40,805,805,285.04561403508774,239.79617224880383,122.18213716108453,21.879585326953748,8.562998405103668
10/24 0:00,805,805,291.13539343740047,238.05893596686843,120.99522140809175,21.962408410321757,8.384198789423383
10/24 0:20,805,805,287.5699562773267,238.132729544035,127.76358525921299,21.948625858838227,9.202061211742661
10/24 0:40,805,805,280.45387807213535,237.8397701883179,117.12384296201724,21.89594637727418,12.606128311522502
10/24 1:00,805,805,281.05444887118193,237.80644090305444,105.83200531208499,21.926792828685258,12.573373173970783
10/24 1:20,805,805,281.3701193933527,238.13036463375283,123.62278154243305,21.772991287512102,12.893836721523073
10/24 1:40,805,805,281.01240208877283,236.47291122715404,117.97421671018277,21.87271540469974,12.804177545691905
10/24 2:00,805,805,288.70474732006124,234.10995405819295,133.75497702909647,21.664318529862175,12.434609494640123
10/24 2:20,805,805,285.3003614853763,235.86395004929346,110.07755504436412,21.80824843904042,12.667762076897798
10/24 2:40,805,805,287.3634446397188,234.02108963093147,109.28752196836555,21.688576449912127,12.504042179261862
10/24 3:00,805,805,293.1783674840443,233.41417534430636,111.04433993953644,21.699193819281156,12.541148807524353
10/24 3:20,805,805,290.64738929279576,232.1391275611368,125.88499669530734,21.657964309319233,12.142101784534038
10/24 3:40,805,805,289.0411084043849,234.05755176613886,129.11540803897685,21.539433617539586,12.246954933008526
10/24 4:00,805,805,294.36622998544397,232.8890829694323,165.682096069869,21.76244541484716,12.22707423580786
10/24 4:20,805,804.9090909090909,291.58154198910864,235.51848667239898,166.00716537689883,21.800085984522784,12.390656348523933
10/24 4:40,805,805,297.0928246013667,236.63268792710707,168.3254555808656,22.05723234624146,12.420842824601367
10/24 5:00,805,801.9230769230769,292.14661760543447,237.52759694310785,173.61081234078688,22.083356920464194,12.518822530427398
10/24 5:20,805,795.5,288.0145617474097,238.73564827779333,172.34416129935593,22.176561187342482,12.482217866143937
10/24 5:40,805,780.2558139534884,293.33870967741933,239.45910138248848,184.8948732718894,22.202476958525345,12.21975806451613
10/24 6:00,805,748.5070422535211,284.45325936199725,241.31733703190014,231.3251040221914,22.001941747572815,12.367267683772537
10/24 6:20,805,720.1714285714286,275.44976498237367,244.40746180963572,339.936839012926,22.13322561692127,11.931551116333726
10/24 6:40,805,700.4305555555555,274.5081570996979,252.29154078549848,417.7012084592145,22.19335347432024,12.969788519637461
10/24 7:00,805,658.0425531914893,281.0587326120556,259.34744976816074,455.8132921174652,22.314528593508502,13.263678516228747
10/24 7:20,805,601.9411764705883,282.925143374585,265.16903108964686,492.6489586477513,22.371415635375794,13.328101418653787
10/24 7:40,805,564.6666666666666,279.7168823166975,270.7107208872458,520.8786198398028,22.44162045594578,12.970425138632162
10/24 8:00,805,524.1744186046511,290.39936996849843,274.7346867343367,571.0283514175709,22.386769338466923,13.36296814840742
10/24 8:20,805,485.79611650485435,283.6757975034674,283.2142857142857,591.7337031900139,22.34743411927878,13.255201109570041
10/24 8:40,805,430.42105263157896,287.4817755322988,290.81234211476004,620.3529411764706,22.579574160952724,12.99097798628654
10/24 9:00,805,408.5882352941176,275.1223440712817,299.2566826593557,596.5956134338588,22.86634681288554,13.014393420150789
10/24 9:20,805,390.3478260869565,281.41502417255487,304.40126441056157,649.5024172554853,22.761249535143175,13.148754183711416
10/24 9:40,805,422.2686567164179,266.87609607319865,309.4273732367518,662.9268013724743,22.49332825009531,12.71749904689287
10/24 10:00,805,429.0792682926829,262.89817749603804,313.4988114104596,654.351822503962,22.75851822503962,13.042393026941363
10/24 10:20,805,401.54901960784315,267.657832278481,318.5929588607595,660.7060917721519,22.622626582278482,12.90625
10/24 10:40,805,381.43382352941177,265.58486789431544,321.4087269815853,670.3746997598079,22.719575660528424,13.154123298638911
10/24 11:00,805,313.1171171171171,269.5338588319599,326.286277319957,636.9871013973486,22.821569329989252,12.926549623790756
10/24 11:20,805,278.8235294117647,283.9181151023561,325.72846658941677,677.9745075318656,22.84028582464272,12.730011587485516
10/24 11:40,805,265.0515463917526,284.53091045335333,327.0835518920944,654.7122517796928,22.91007868115399,12.623829149494192
10/24 12:00,805,267.43037974683546,286.4325473521453,325.9250096637031,653.7197526091999,22.90529570931581,12.61383842288365
10/24 12:20,805,263.6448598130841,289.2550056667926,328.54287873063845,662.2364941443143,22.864374763883642,12.758594635436342
10/24 12:40,805,269.9651162790698,275.5274095306342,329.58187029738446,616.931207452526,22.96094589752777,12.517735578645647
10/24 13:00,805,280.49,278.10249621785175,328.46482602118004,645.7602118003026,22.78158093797277,12.66679273827534
10/24 13:20,805,279.9673913043478,262.63735862823785,329.2506384531193,611.5060197008391,22.991791317037578,12.083910981393652
10/24 13:40,805,291.6875,275.17416496250854,329.95841854124063,577.8984321745058,23.02624403544649,12.058282208588958
10/24 14:00,805,303.4755244755245,266.40672884743503,328.96002664890074,548.2638241172551,22.973184543637576,12.229513657561625
10/24 14:20,805,326.4018691588785,262.60737852429514,326.28584283143374,425.25854829034193,22.86037792441512,12.076484703059387
10/24 14:40,805,349.90909090909093,268.2515373352855,323.09546120058565,431.30980966325035,23.079648609077598,12.180966325036604
10/24 15:00,805,359.2931034482759,269.53987548176696,319.1603913430181,340.77438482063445,23.065520308330864,12.287577823895642
10/24 15:20,805,359,268.049161693663,312.4418868996874,236.67121341290138,23.07075873827792,11.923557828928672
10/24 15:40,805,393.6463414634146,267.0321746624533,304.1186440677966,219.31973570812985,22.98692904337834,12.29933927032462
10/24 16:00,805,431.3265306122449,273.75414201183435,299.00295857988164,214.9207100591716,22.978846153846153,12.13431952662722
10/24 16:20,805,450.8,273.1015882529218,292.11507341923885,214.2394366197183,23.09244830686245,12.212765957446809
10/24 16:40,805,462.08620689655174,275.1255980861244,287.5532296650718,213.18002392344496,22.960077751196174,12.215011961722489
10/24 17:00,805,471.3731343283582,274.42080095636584,282.2474596533174,213.5478182904961,22.877017334130304,12.159593544530782
10/24 17:20,805,491.55,276.0933252793718,279.2431289640592,211.7743884022954,22.7447900936273,12.234370280881908
10/24 17:40,805,510.25925925925924,278.1735311932162,274.4424591156875,215.02422774076317,22.644155057540885,12.12113870381587
10/24 18:00,805,522.6666666666666,277.41353607632675,271.54114490161004,215.11359570661895,22.503428741800835,13.161001788908766
10/24 18:20,805,543.5483870967741,275.21741723829405,269.0450342976439,214.2051893826424,22.56084103787653,13.610796301819267
10/24 18:40,805,555.4642857142857,275.37214076246335,268.3733137829912,216.17536656891497,22.473460410557184,13.51407624633431
10/24 19:00,805,558.32,277.0151066350711,265.9259478672986,212.0773104265403,22.387736966824644,16.32405213270142
10/24 19:20,805,562.6666666666666,278.33232719589495,263.2001207364926,218.69212194385753,22.323875641412616,16.29278599456686
10/24 19:40,805,570.8518518518518,280.56676470588235,263.05823529411765,212.25264705882353,22.243823529411763,13.465294117647058
10/24 20:00,805,580.8260869565217,272.0371543778802,261.9956797235023,195.3804723502304,22.440380184331797,13.14544930875576
10/24 20:20,805,583.6666666666666,274.2340303637926,260.4600401031223,195.8997421942137,22.645946720137495,13.388427384703524
10/24 20:40,805,585.7857142857143,276.3665429631744,259.2729089351984,189.75363973736796,22.75107051099058,13.521838424207822
10/24 21:00,805,596.7727272727273,277.18129661503156,257.23350545037295,193.87923121055653,22.662076878944347,13.630808950086058
10/24 21:20,805,609.1333333333333,281.8124293785311,256.12090395480226,193.36525423728813,22.364265536723163,13.681073446327684
10/24 21:40,805,616.8571428571429,286.4543103448276,253.5448275862069,190.4198275862069,22.40301724137931,14.049137931034483
10/24 22:00,805,804.8181818181819,287.93538555318503,251.4129838463883,186.63547698872296,22.38753428832673,6.176165803108808
10/24 22:20,805,805,287.48401957961414,251.65447739706306,178.46674344946732,22.382522315001438,6.265188597754103
10/24 22:40,805,805,287.58713752512205,251.87654320987653,176.465403387884,22.352569623887454,7.734711455641688
10/24 23:00,805,805,286.8134699853587,250.34553440702783,156.99472913616398,22.187994143484627,8.982723279648608
10/24 23:20,805,805,291.84905082669934,248.1310471524801,147.1053276178812,22.353796693202696,9.087568891610532
10/24 23:40,805,805,286.0423412204234,248.02179327521793,129.40597758405977,22.322073474470734,9.300435865504358
10/25 0:00,805,805,291.0503618817853,243.50271411338963,136.1043425814234,22.212907117008445,9.768094089264174
10/25 0:20,805,805,289.7815668202765,243.3889400921659,139.21966205837174,22.174347158218126,9.57173579109063
10/25 0:40,805,805,300.4212287104623,242.83789537712894,154.6508515815085,22.23707420924574,8.511557177615572
10/25 1:00,805,805,301.5330617361329,241.70416797242243,132.75023503603887,22.077718583516138,8.75086179880915
10/25 1:20,805,805,297.7535188216039,242.14238952536826,128.13126022913258,21.831587561374796,9.319148936170214
10/25 1:40,805,805,298.12038717483364,239.3817301875378,136.67967332123413,21.70538415003025,10.092558983666061
10/25 2:00,805,805,302.32327586206895,236.73830049261085,127.48983990147784,21.815424876847292,10.073891625615763
10/25 2:20,805,805,300.1946540880503,234.85283018867923,124.79056603773584,21.727044025157234,10.357232704402517
10/25 2:40,805,805,296.9196072414851,237.1902424056459,133.0177968702056,21.707732433261736,10.267566738263271
10/25 3:00,805,805,297.82817869415805,234.77038425492034,117.50952827241487,21.658544204935957,10.344267416432364
10/25 3:20,805,805,300.7719023779725,234.74812265331664,123.09574468085107,21.62875469336671,9.920838548185232
10/25 3:40,805,805,301.78287092882994,236.37937273823883,137.97074788902293,21.74713510253317,9.136007237635706
10/25 4:00,805,805,307.5821489482661,235.8845935190449,169.18334280841387,21.718305855599773,10.444855031267766
10/25 4:20,805,805,313.69027576197385,238.05863570391872,157.24702467343977,21.616400580551524,13.388679245283019
10/25 4:40,805,805,304.24648081700246,237.47667678719293,167.68837979574937,21.675269113993927,14.274358266629864
10/25 5:00,805,805,307.5054881571346,237.61871750433275,161.41536683997688,21.74465626805315,13.900057770075101
10/25 5:20,805,805,301.08595271210015,238.99221140472878,170.75438108484005,21.82392211404729,13.763838664812239
10/25 5:40,805,797.469387755102,302.9977722082985,240.12280701754386,185.17460317460316,21.760373155109995,15.303536619326094
10/25 6:00,805,784.7222222222222,300.7782079646018,240.46183628318585,199.5978982300885,21.76299778761062,15.695796460176991
10/25 6:20,805,761.7058823529412,298.72200772200773,242.69387755102042,210.4853833425262,21.71800882515168,15.683397683397683
10/25 6:40,805,735.551724137931,307.9818181818182,245.67748251748253,225.59272727272727,21.835244755244755,15.57846153846154
10/25 7:00,805,701.688524590164,307.026013986014,247.73594405594406,278.63916083916087,21.873566433566435,15.552447552447552
10/25 7:20,805,665.574074074074,307.2547090244588,250.2929434917065,365.22462749508014,21.949676693843127,15.633117795895418
10/25 7:40,805,639.6582278481013,307.9249860568879,255.44868934746236,373.3733965421082,22.13399330730619,15.717512548800892
10/25 8:00,805,598.75,315.1886735311932,259.2053301029679,427.13082980012115,22.3057238037553,15.596305269533616
10/25 8:20,805,550.2258064516129,315.47596153846155,263.9912860576923,419.51772836538464,22.39783653846154,15.444711538461538
10/25 8:40,805,519.8152173913044,314.0212957408518,265.86382723455307,494.7246550689862,22.2999400119976,15.9499100179964
10/25 9:00,805,506.9375,308.1216469120399,272.40954460386774,542.1253898939489,22.54101684341859,15.734248284466625
10/25 9:20,805,489.00847457627117,311.53362391033625,278.22509339975096,569.0958904109589,22.44925280199253,15.741905354919053
10/25 9:40,805,504.6803278688525,296.8658105939005,284.00706260032104,602.0343499197431,22.65008025682183,15.710754414125201
10/25 10:00,805,507.34591194968556,287.11845178511845,292.72505839172504,617.35001668335,22.569235902569236,15.486152819486152
10/25 10:20,805,492.4654088050315,291.39077429983524,298.47512355848437,625.9594728171335,22.689291598023065,15.828006589785831
10/25 10:40,805,467.6214689265537,297.09704251386324,303.5551447935921,568.7729513247074,22.799907578558226,15.629081947011707
10/25 11:00,805,387.20454545454544,302.3957629720602,305.2400982499232,537.7126189745164,22.702179920171936,15.585201105311636
10/25 11:20,805,350.4594594594595,296.61642571516455,304.10089203322053,527.9541679483236,22.801138111350355,15.593971085819748
10/25 11:40,805,329.97701149425285,304.4328177130725,305.5125872004853,490.809220503488,22.976342129208373,15.502881407340006
10/25 12:00,805,335.98039215686276,296.096323305986,305.5986022485567,498.9535095715588,22.844879975691278,15.567912488605288
10/25 12:20,805,338.09090909090907,298.996062992126,304.16596002422773,505.8107207752877,22.88022410660206,15.476983646274984
10/25 12:40,805,340.8666666666667,300.3379022646007,305.2321215733015,451.03486293206197,22.916865315852206,15.2619189511323
10/25 13:00,805,341.9035087719298,307.29928952042627,303.7033747779751,475.69449378330376,22.87685020722321,15.27619893428064
10/25 13:20,805,338.3666666666667,315.2464953271028,304.2070677570093,403.1054322429907,22.955169392523363,15.07681074766355
10/25 13:40,805,344.86238532110093,315.5344675858023,301.0915224405984,346.48137283660895,22.997066588442358,14.491346435904957
10/25 14:00,805,350.0078125,314.8469447708578,296.924794359577,319.4289071680376,22.895857814336075,14.747943595769684
10/25 14:20,805,351.90434782608696,312.5792284866469,292.9759643916914,280.05994065281897,22.906379821958456,14.928783382789318
10/25 14:40,805,377.25,312.24134922942716,290.8255306775225,270.61849374818263,22.975574294853153,14.855190462343705
10/25 15:00,805,412.4,313.4517161140198,286.2705061082024,242.8891797556719,22.730948225712623,14.834205933682373
10/25 15:20,805,425.3333333333333,314.4634649381261,281.4558043606364,220.6328815556865,22.741160872127285,14.873011196228639
10/25 15:40,805,443.109375,321.45265318088536,277.4934036939314,212.66432131339783,22.607153327469952,14.750219876868954
10/25 16:00,805,471.03333333333336,334.50547112462004,273.838905775076,207.53586626139818,22.575379939209725,14.496048632218844
10/25 16:20,805,498.1639344262295,346.0671755725191,270.92702290076335,206.5059541984733,22.517099236641222,14.612519083969465
10/25 16:40,805,527.1447368421053,345.2538829151732,268.60334528076464,209.1878733572282,22.399492234169653,14.756869772998805
10/25 17:00,805,511.609375,344.0284417549168,266.4822995461422,207.81210287443267,22.390015128593042,14.721936459909228
10/25 17:20,805,534.7903225806451,345.0593675417661,264.6041169451074,208.14051312649164,22.32577565632458,15.341885441527447
10/25 17:40,805,552.8793103448276,336.7138157894737,262.4751794258373,207.7188995215311,22.2184509569378,16.838815789473685
10/25 18:00,805,588.9375,325.2521329802883,261.68255369226245,208.9170344218888,22.37834657252133,16.76434245366284
10/25 18:20,805,570.6382978723404,321.3808390360012,260.2210651591788,205.80184468908064,22.32311811960726,16.65278191014579
10/25 18:40,805,607.7115384615385,323.6933135215453,258.2882615156018,205.66864784546806,22.27072808320951,16.799702823179793
10/25 19:00,805,634.5384615384615,321.90107339715695,258.5233536408471,195.32637075718014,22.08079489411082,16.989556135770236
10/25 19:20,805,647.8947368421053,319.78555304740405,256.6012979683973,198.86117381489842,22.104683972911964,17.266930022573362
10/25 19:40,805,652.4615384615385,310.7500709219858,255.19914893617022,194.77531914893618,22.07035460992908,17.25645390070922
10/25 20:00,805,657.8947368421053,306.81198986771744,254.1384745285674,187.6259499014917,22.052350126653533,17.257810301153956
10/25 20:20,805,663.25,310.8378911756414,253.77276571750775,186.2664223287285,22.304905553989286,17.039751903016633
10/25 20:40,805,667.2727272727273,306.41678602119737,252.26353480378114,176.71011171584072,22.31767401890576,17.189057576625608
10/25 21:00,805,670.6363636363636,309.91274593669806,252.00826917593383,177.69831765041346,22.340319361277444,17.194468206444256
10/25 21:20,805,679.8823529411765,310.4034272436828,251.66134185303514,156.08161487075225,22.268661051408657,16.93958756898054
10/25 21:40,805,690.8461538461538,307.4964397607519,249.28140131016804,166.65280546852748,22.306322984904586,17.04215323269724
10/25 22:00,805,794.0909090909091,309.29598308668074,248.15433403805497,174.2117185140441,22.305043793415887,6.170341286620356
10/25 22:20,805,805,297.95832056389827,247.86730003064665,145.65154765553172,22.20410665032179,6.629482071713148
10/25 22:40,805,805,297.18847539015604,246.31482593037214,149.84453781512605,22.149009603841538,6.932172869147659
10/25 23:00,805,805,306.2472392638037,244.74325153374232,141.71564417177913,22.124079754601226,8.92760736196319
10/25 23:20,805,805,304.49740596627754,243.1407263294423,120.99124513618678,22.070038910505836,9.773670557717251
10/25 23:40,805,805,297.9354310062275,241.64306784660766,115.17273025237627,22.125532612258276,9.40117994100295
10/26 0:00,805,805,301.5201021059349,240.11455009572433,129.09572431397575,22.192724952137844,8.696234843650288
10/26 0:20,805,805,305.5032720473668,238.21533187909006,133.39607354315987,22.095045185416016,8.581489560610782
10/26 0:40,805,805,289.3483701020744,236.53671386236417,125.86137635824826,22.168587421797827,8.605202502469542
10/26 1:00,805,805,293.7707430856381,236.48717094301898,119.88603798733756,22.055148283905364,8.323892035988004
10/26 1:20,805,805,291.19484334203656,236.12271540469973,123.0789817232376,22.04226501305483,8.547323759791123
10/26 1:40,805,805,285.4474810668423,237.4705301284162,120.7033256503128,22.183733947974975,8.75304576885084
10/26 2:00,805,805,289.23755429335114,235.35382559305046,108.209822920147,22.25025058469763,8.919812896759105
10/26 2:20,805,805,295.75289203084833,233.7490359897172,110.95629820051414,22.20276349614396,8.785668380462726
10/26 2:40,805,805,294.8996427411497,232.05261448522248,110.35790841182202,22.24212406625528,8.809678467034752
10/26 3:00,805,805,300.1284403669725,231.14023591087812,118.13007863695937,22.189056356487548,8.841415465268676
10/26 3:20,805,805,309.4023917259211,230.95313510019392,121.75177763413058,22.183257918552037,8.504201680672269
10/26 3:40,805,805,302.12830412830414,231.03356103356103,140.24918324918326,22.171517671517673,8.832788832788832
10/26 4:00,805,805,304.30485324033714,231.85062481836675,146.94362104039524,22.0402499273467,9.75007265329846
10/26 4:20,805,805,306.91341743119267,233.52809633027522,143.70355504587155,22.18663990825688,10.242259174311927
10/26 4:40,805,804.7272727272727,301.8203661327231,233.03975972540044,157.13615560640733,22.28232265446224,11.582379862700229
10/26 5:00,805,805,303.1981424148607,234.28285955530538,164.95384182381088,22.251618350689558,11.319166901210245
10/26 5:20,805,805,301.5024086143383,235.2264097478039,156.9623122697648,22.151034287333523,11.200623406064041
10/26 5:40,805,801.5428571428571,300.3931203931204,236.20748020748022,185.12312312312312,22.288015288015288,11.473655473655473
10/26 6:00,805,781.9767441860465,301.6895977808599,237.24382801664356,225.249653259362,22.21886269070735,11.454646324549238
10/26 6:20,805,762.3050847457627,300.0261295590637,241.1581382689167,283.35900925421885,22.217882416984214,11.54817637452368
10/26 6:40,805,737.8550724637681,297.802113078241,248.40177041690464,391.74500285551113,22.2824100513992,11.344945745288406
10/26 7:00,805,687.7878787878788,301.61029615278164,253.33517852200387,323.8898422363687,22.31608081926377,11.255189593135897
10/26 7:20,805,645.8771929824561,306.5269411439624,255.40618955512574,296.5169936446532,22.439486045869025,11.065487703785577
10/26 7:40,805,598.4625,310.3012114537445,257.75055066079295,290.6613436123348,22.480038546255507,11.011563876651982
10/26 8:00,805,551.9888888888889,320.2150289017341,259.23728323699424,366.9315028901734,22.654046242774566,10.397109826589595
10/26 8:20,805,514.6708860759494,323.34151329243355,262.93280747881977,367.95968448729184,22.719106047326907,10.622261174408413
10/26 8:40,805,472.320987654321,323.6136496777973,266.4610427650849,366.4513766842414,22.815612185120095,10.543350908025776
10/26 9:00,805,456.51063829787233,323.64017216642753,266.88694404591104,337.3925394548063,22.986226685796268,10.543758967001434
10/26 9:20,805,456.94736842105266,331.24685354691076,269.4779748283753,352.37614416475975,22.813930205949656,10.680778032036613
10/26 9:40,805,411.75657894736844,330.5474112856312,268.63176265270505,319.1861547411286,22.86111111111111,10.76847004072135
10/26 10:00,805,371.8235294117647,333.39453011347103,269.38842013383766,358.39336630782657,22.94355542624382,12.780040733197556
10/26 10:20,805,314.6531791907515,334.0586357039187,269.5355587808418,389.9657474600871,22.976487663280118,13
10/26 10:40,805,349.04571428571427,333.9109977324263,275.6153628117914,331.56150793650795,22.91765873015873,12.814625850340136
10/26 11:00,805,305.1119402985075,331.97171717171716,272.444733044733,424.79047619047617,23.023376623376624,13.054834054834055
10/26 11:20,805,260.3551401869159,324.0134845234447,275.45755439779344,517.2494636837266,23.0597609561753,13.288384921851057
10/26 11:40,805,262.4,309.36168851934764,279.67764630636395,547.891269587464,23.159098177166612,13.510073552926126
10/26 12:00,805,264.3495145631068,314.1350463101285,284.30385419778906,445.7051090528832,23.30803704810278,13.123394084254556
10/26 12:20,805,271.3296703296703,329.83588818755635,285.10820559062216,422.7886985272017,23.164111812443643,12.95731890592125
10/26 12:40,805,281.1684210526316,333.6134081512109,285.01151801535735,434.4952746603662,23.342734790313052,13.345540460720615
10/26 13:00,805,325.4672897196262,336.8994202898551,285.9408695652174,396.0057971014493,23.186666666666667,13.146376811594203
10/26 13:20,805,350.1194029850746,325.0478955007257,284.3878084179971,348.67982583454284,22.929608127721334,12.76865021770682
10/26 13:40,805,379.96666666666664,321.38773148148147,282.89293981481484,313.5173611111111,22.78153935185185,14.26388888888889
10/26 14:00,805,424.2959183673469,320.6807387862797,281.37408384637934,329.12899442978596,22.932131339783055,15.403987100557021
10/26 14:20,805,465.65384615384613,326.6389292988071,279.8743089903986,308.39860343322664,22.86267093395403,15.299679953447773
10/26 14:40,805,504.7471264367816,322.41279579316387,277.7914110429448,248.9298860648554,22.67484662576687,15.170610575518552
10/26 15:00,805,531,321.1565671209046,274.77471730936503,232.44853580748043,22.6101768628588,15.363293708321253
10/26 15:20,805,549,326.7205968402575,272.0190169689877,230.8098303101229,22.541252194265653,17.221181977764775
10/26 15:40,805,571.2173913043479,331.0434654050857,269.6667652276759,216.0671200473093,22.385422826729744,17.395032525133058
10/26 16:00,805,585.421052631579,330.87388193202145,266.1353607632677,211.12909958258794,22.387745974955276,17.315444245676805
10/26 16:20,805,589.5405405405405,332.02380243975006,265.2127343052663,212.50877714965785,22.32520083308539,17.33263909550729
10/26 16:40,805,595.2777777777778,331.5566236106939,264.1432862721538,209.17122258936618,22.372183838990686,17.339140883148094
10/26 17:00,805,602.96875,328.53862089375554,260.40485350695474,205.76620301864457,22.31562592482983,17.36786031370228
10/26 17:20,805,616.09375,327.12234669811323,260.09375,199.47317216981133,22.205041273584907,17.716686320754718
10/26 17:40,805,627.0370370370371,329.95649600473513,257.3521751997632,200.17845516424978,22.23276117194436,17.6697247706422
10/26 18:00,805,639.7894736842105,327.1556939501779,255.87692763938315,185.45077105575325,21.97820284697509,17.576809015421116
10/26 18:20,805,644.0909090909091,324.0401480637813,256.6400911161731,189.04441913439635,22.002847380410024,17.67653758542141
10/26 18:40,805,642.8421052631579,323.9735682819383,254.5826725403818,181.54214390602056,21.99251101321586,17.594126284875184
10/26 19:00,805,648.3636363636364,321.9125884016973,254.14512022630834,181.5072135785007,21.978217821782177,17.797736916548796
10/26 19:20,805,649.15,308.5228483319316,253.09503784693018,180.9470142977292,21.918138491729746,17.64003364171573
10/26 19:40,805,653.56,304.8690305976551,253.15985130111525,179.3465827852445,21.868601658564483,17.187303402916786
10/26 20:00,805,656.8260869565217,302.6224978855371,251.2083450803496,180.48125176205244,21.870453904708203,17.537355511700028
10/26 20:20,805,658.9166666666666,302.71039466370206,251.3421345191773,177.5686492495831,22.172873818788215,17.543079488604782
10/26 20:40,805,663.8461538461538,301.1190142817138,250.2223466816018,191.17978157378886,22.27191262951554,17.339960795295436
10/26 21:00,805,668.8666666666667,299.2192749778957,250.5605658709107,158.65428824049513,22.308576480990276,18.601237842617152
10/26 21:20,805,670.3076923076923,301.38534000588754,248.94730644686487,167.52104798351488,22.395937591992936,18.612010597586107
10/26 21:40,805,671.5,302.396186440678,247.88650121065376,156.4322033898305,22.472003631961257,18.721246973365616
10/26 22:00,805,790.6363636363636,298.93939393939394,247.68148880105403,142.2743741765481,22.45701581027668,6.444005270092227
10/26 22:20,805,805,305.7114361702128,243.82878989361703,122.31781914893617,22.522938829787233,7.559840425531915
10/26 22:40,805,804.2727272727273,311.20520231213874,240.71901091843287,124.11528580603725,22.537893384714195,8.274887604367374
10/26 23:00,805,803.8181818181819,306.45404172099086,238.9944589308996,124.60430247718384,22.508474576271187,11.407757496740548
10/26 23:20,805,804.8,303.5454260651629,238.30827067669173,127.7593984962406,22.339755639097746,12.597117794486216
10/26 23:40,805,804.8,295.5513565891473,238.84948320413437,117.96220930232558,22.400193798449614,13.04328165374677
10/27 0:00,805,804.8333333333334,304.4720898570456,236.41763104152486,124.86249149081007,22.51769911504425,12.980258679373724
10/27 0:20,805,804.9,301.8202351485148,236.06435643564356,133.72772277227722,22.492574257425744,12.670482673267326
10/27 0:40,805,805,296.4727705922396,235.36861810755616,109.15112321307012,22.51582709326072,13.090537780803267
10/27 1:00,805,805,296.6087264987584,233.94572543455126,102.60234125576446,22.47889322454771,13.270308620078042
10/27 1:20,805,805,299.14086521272793,233.40078655702538,102.83089023954237,22.506614229531642,13.309974973185556
10/27 1:40,805,805,296.64427157001415,232.08132956152758,103.87305516265913,22.491513437057993,13.05975954738331
10/27 2:00,805,805,296.6543463381246,230.97330595482546,102.5400410677618,22.45037645448323,13.298083504449007
10/27 2:20,805,805,298.04491228070174,231.20245614035088,102.4978947368421,22.424736842105265,13.245263157894737
10/27 2:40,805,805,297.53352252571835,230.46399432422845,102.10642071656616,22.401206101454417,13.323873714083009
10/27 3:00,805,805,295.34726123595505,229.91432584269663,101.52141853932584,22.38570926966292,13.304073033707866
10/27 3:20,805,805,298.12192550948697,228.4606465214336,102.51616303583978,22.463808854532676,13.216092761770907
10/27 3:40,805,805,300.0871670702179,229.2172258734002,118.3002421307506,22.41041162227603,13.213075060532688
10/27 4:00,805,805,300.79819870531946,229.77399380804954,188.64902898958627,22.235012665353224,13.101604278074866
10/27 4:20,805,805,299.9357696566999,232.96788482834995,188.36129568106313,22.356450719822814,13.105204872646732
10/27 4:40,805,805,299.8815205327414,234.36098779134295,189.47364039955605,22.534128745837958,12.858490566037736
10/27 5:00,805,804.4,300.4725761772853,236.49252077562326,185.19362880886428,22.665927977839335,12.810249307479225
10/27 5:20,805,804,301.5282534246575,238.0122716894977,173.5699200913242,22.83946917808219,12.285102739726028
10/27 5:40,805,803.1,302.17950963222415,239.66082895504962,175.70402802101577,22.8956509048453,12.081144191476941
10/27 6:00,805,800.5454545454545,301.45477888730386,238.9654778887304,173.0607703281027,22.955777460770328,12.373751783166904
10/27 6:20,805,799,298.7677364864865,240.08417792792793,214.7894144144144,22.868243243243242,12.74099099099099
10/27 6:40,805,796.4615384615385,298.8053097345133,240.40622323722525,189.1712817584927,22.742506423065944,12.876106194690266
10/27 7:00,805,792.8,301.4164091036808,241.81736442821017,221.34279291935937,22.728856420342794,12.698229839842652
10/27 7:20,805,785.9230769230769,297.04182933630784,241.79336307863915,217.95593976575572,22.89988845510318,13.854433909648634
10/27 7:40,805,777.578947368421,297.8710830126443,243.3658603628367,233.08878504672896,22.81157229246839,14.362836723474436
10/27 8:00,805,757.5454545454545,321.5920745920746,245.7170745920746,279.03001165501166,22.80434149184149,13.871212121212121
10/27 8:20,805,737.55,320.7029350726356,247.78594722798695,321.71093981618736,22.990957604506374,13.914912540764897
10/27 8:40,805,725.4166666666666,319.70822122571,251.59611360239163,382.5124065769806,23.0796711509716,15.114200298953662
10/27 9:00,805,719.5,315.51191185229305,255.68671828469326,379.1319237641453,23.156491959499704,16.088743299583086
10/27 9:20,805,700.8181818181819,316.73765158237205,258.3481218574386,397.74120082815733,23.17391304347826,15.936409346347235
10/27 9:40,805,694.1428571428571,316.3054567022539,261.3982799525504,396.3594306049822,23.287069988137603,15.787366548042705
10/27 10:00,805,683.3076923076923,300.6420555227407,264.2244536326048,440.98670998228,23.20407560543414,15.805670407560543
10/27 10:20,805,672.8214285714286,298.8480122324159,264.96880733944954,462.4810397553517,23.09434250764526,15.794495412844038
10/27 10:40,805,666.40625,291.65685372585097,269.8521925789635,514.8978840846366,23.16743330266789,16.286108555657773
10/27 11:00,805,658.074074074074,294.8913301662708,273.6820071258907,439.6365795724466,23.088925178147267,15.94625890736342
10/27 11:20,805,647.5652173913044,291.81709923664124,276.16213740458016,416.6516030534351,23.202290076335878,15.56091603053435
10/27 11:40,805,638.8846153846154,291.6618989653074,277.9814363968351,389.19324406573344,23.38542300669507,15.353012781497261
10/27 12:00,805,638.9666666666667,291.84260636715265,277.7387682237429,368.61291282356444,23.39526926509967,15.038381434096994
10/27 12:20,805,633.2857142857143,294.2566239952367,278.71568919321226,391.3140815718964,23.39089014587675,15.245311104495386
10/27 12:40,805,632.7894736842105,295.88521168753726,276.6964818127609,423.94573643410854,23.458258795468097,15.463327370304114
10/27 13:00,805,637.9545454545455,295.76197604790417,276.49461077844313,418.68532934131736,23.467215568862276,15.512874251497006
10/27 13:20,805,641.1538461538462,295.59953434225844,279.85855646100117,388.7660069848661,23.6401338766007,15.405413271245635
10/27 13:40,805,639.34375,292.7389909594634,278.9871682706328,365.904636920385,23.7169728783902,15.177894429862933
10/27 14:00,805,633.9444444444445,287.2443933294997,279.58079355951696,350.1955146635998,23.68487636572743,14.880103507763081
10/27 14:20,805,642.3333333333334,290.91222937390285,277.4052077238151,312.40081919251026,23.611907548273845,14.933001755412523
10/27 14:40,805,643.1851851851852,295.64954505429995,274.6463164073965,295.9445259759319,23.58379806281186,15.11212210155562
10/27 15:00,805,652.0869565217391,294.64949674363527,272.4760213143872,261.9908229721729,23.616785079928952,15.17465956187093
10/27 15:20,805,662.8928571428571,294.83775897286256,269.67989495185293,236.141814998541,23.564196089874525,15.283046396264956
10/27 15:40,805,660.28,291.6928238039673,266.6181446907818,216.91744457409567,23.527712952158694,15.095974329054842
10/27 16:00,805,666.09375,290.3294902912621,263.31310679611653,214.9681432038835,23.391535194174757,15.226031553398059
10/27 16:20,805,671.5416666666666,291.3250523795271,260.60431008680035,213.1355881472613,23.44103561807842,14.98084405866507
10/27 16:40,805,674.5,289.43372763117986,257.6348195329087,211.9851380042463,23.39141643918714,14.927813163481954
10/27 17:00,805,685.05,290.62857142857143,257.7891729323308,213.09323308270677,23.21082706766917,15.017443609022557
10/27 17:20,805,693.375,288.1582603443069,256.12111144669285,207.92449411054062,23.342494714587737,14.913621262458472
10/27 17:40,805,702.7142857142857,286.04032500752334,254.84411676196208,209.67529340956966,23.329070117363827,14.929280770388203
10/27 18:00,805,707.0666666666667,284.10020876826724,253.87324783775722,201.41455413062928,23.1869967193558,14.749776319713689
10/27 18:20,805,718.8125,280.44787644787647,252.34511434511435,190.68042768042767,23.093555093555093,14.92040392040392
10/27 18:40,805,725.7272727272727,279.4109707064905,252.83946008041355,191.68150488225157,23.1161688684664,16.10769672601953
10/27 19:00,805,730.9444444444445,279.24630681818184,250.66164772727274,186.93068181818182,23.034375,16.040340909090908
10/27 19:20,805,734.9285714285714,275.138731596829,248.9980181200453,189.27689694224236,23.014156285390712,15.871177802944507
10/27 19:40,805,736,276.3196489241223,248.86494903737258,177.02434881087203,22.949745186862966,15.79841449603624
10/27 20:00,805,740.7692307692307,274.75042016806725,247.0498599439776,170.00672268907564,22.97955182072829,15.938655462184874
10/27 20:20,805,749.5,275.1399491094148,246.64009047215154,178.40882103477523,22.864998586372632,15.659598529827537
10/27 20:40,805,755.1428571428571,275.4146697837522,244.67767387492694,158.27323202805377,22.780976037405026,15.570718877849211
10/27 21:00,805,762.1666666666666,272.54751001717227,243.4839725243274,171.79736691471092,22.71193474527762,15.587292501431024
10/27 21:20,805,759.6363636363636,271.6243419015175,243.85816042118302,160.66367296376586,22.817900278724064,15.414989160730876
10/27 21:40,805,758.9285714285714,269.59775214433597,242.5879917184265,176.32475598935227,22.71857438627625,15.590062111801242
10/27 22:00,805,805,268.43250605326875,241.38105326876513,160.76694915254237,22.856234866828085,5.648305084745763
10/27 22:20,805,805,265.51156737998843,242.1657027183343,174.71023713128977,22.592105263157894,5.870734528629265
10/27 22:40,805,805,266.98841922408803,240.5883034163289,177.90793283149972,22.704111175448755,6.189056166763173
10/27 23:00,805,805,262.6575630252101,239.58853541416568,140.9030612244898,22.631002400960384,7.185474189675871
10/27 23:20,805,805,263.68566929133857,237.39811023622048,132.411968503937,22.54488188976378,8.17291338582677
10/27 23:40,805,805,261.99968720675633,235.30153268689395,135.28057553956833,22.46355958711292,8.656865811698466
10/28 0:00,805,805,259.0417835983786,236.4016214530714,135.16557530402244,22.25397567820393,9.326473339569691
10/28 0:20,805,805,257.7013909440663,235.9923054158035,157.67712340929268,22.286327315773896,9.924829831311039
10/28 0:40,805,805,257.95584,234.2656,124.97984,22.27696,9.82976
10/28 1:00,805,805,258.54978639500496,232.76569175156095,119.90962865593164,22.2589549786395,9.916858363457115
10/28 1:20,805,805,260.7032068062827,233.10994764397907,120.53435863874346,22.099640052356023,10.053010471204189
10/28 1:40,805,805,258.75607416879797,233.35358056265986,123.48593350383632,21.95907928388747,10.497122762148338
10/28 2:00,805,805,256.37838753387535,231.9749322493225,104.98882113821138,22.12567750677507,10.218834688346883
10/28 2:20,805,805,257.53311851056213,232.0515574650913,102.01217329036878,22.0515574650913,9.935911206587898
10/28 2:40,805,805,255.57723292469353,231.03957968476357,109.62802101576182,22.112259194395797,9.909632224168126
10/28 3:00,805,805,255.21547314578004,229.59622762148337,124.74840153452685,21.950447570332482,10.115728900255755
10/28 3:20,805,805,255.94294294294295,229.84984984984985,105.72205538872205,21.95745745745746,10.724057390724058
10/28 3:40,805,805,255.6342933690556,229.90723375753515,117.7578700602813,21.99614869390489,10.90488948425988
10/28 4:00,805,805,251.417918753478,231.4974958263773,185.84501947690595,21.646355036171396,10.974401780745687
10/28 4:20,805,805,249.9693593314763,234.62228412256266,174.88356545961003,21.832869080779943,10.898885793871866
10/28 4:40,805,805,246.94629938786866,236.06649972175848,176.21229827490262,21.854479688369505,10.75180856983862
10/28 5:00,805,805,244.56671408250355,237.62019914651495,164.11550497866287,21.83669985775249,10.691322901849217
10/28 5:20,805,805,245.05632078359352,239.43526170798899,132.31772268135904,22.09060299969391,10.760942760942761
10/28 5:40,805,805,244.65831572592816,237.13039541201329,145.0987020827045,22.18683972230607,10.901297917295503
10/28 6:00,805,805,247.53801703163018,238.03832116788323,154.68339416058393,22.371958637469586,10.887469586374696
10/28 6:20,805,805,247.1651688875116,237.47629377130463,137.70127052990392,22.58599318252247,10.599008366904245
10/28 6:40,805,805,247.85053929121725,237.66902927580892,157.95007704160247,22.678120184899846,10.7442218798151
10/28 7:00,805,805,248.52223244403558,239.20852499233365,166.04201165286722,22.781202085249923,11.270775835633241
10/28 7:20,805,805,249.72467688608356,238.61466786895102,191.5810039074241,22.71130147279832,11.597234746017433
10/28 7:40,805,805,249.19712103407755,240.07755581668624,236.07520564042304,22.736486486486488,11.568448883666274
10/28 8:00,805,805,251.1137566137566,241.28071722516168,238.647266313933,22.729276895943563,11.708700764256319
10/28 8:20,805,805,255.353412462908,242.72314540059347,269.95578635014834,22.88902077151335,11.585163204747774
10/28 8:40,805,805,255.37023593466424,245.34603750756202,295.20175438596493,22.779491833030853,11.568058076225045
10/28 9:00,805,805,257.0242660275614,249.16267225883763,368.8702816057519,22.809167165967644,11.583882564409826
10/28 9:20,805,805,261.3505764114691,251.98728938811706,383.011232633757,22.919154596511973,12.829145728643216
10/28 9:40,805,805,264.45446153846154,255.21723076923078,425.2350769230769,22.840615384615386,13.282769230769231
10/28 10:00,805,805,268.41931649331354,260.288558692422,337.341456166419,23.011292719167905,13.07518573551263
10/28 10:20,805,805,268.6230611647644,261.13198712320747,340.91717881182325,23.020778460637988,13.134328358208956
10/28 10:40,805,805,269.27883506343716,262.67214532871975,330.0028835063437,23.096885813148788,13.037485582468282
10/28 11:00,805,805,263.0465323058684,263.41967990515707,336.7949021932424,23.139596917605218,13.07498518079431
10/28 11:20,805,805,255.49003865596194,264.3645554564377,306.1822777282189,22.985132322331253,13.144513826940232
10/28 11:40,805,805,255.12432432432433,265.4753753753754,404.92522522522523,22.933633633633633,13.501801801801802
10/28 12:00,805,805,256.332244655582,268.9961401425178,401.3916270783848,22.994952494061756,13.258907363420427
10/28 12:20,805,805,263.6391304347826,269.21942028985507,335.6715942028986,23.088840579710144,13.135652173913044
10/28 12:40,805,805,262.9495277449823,269.5705430932704,317.7777449822904,23.186393152302244,14.090318772136953
10/28 13:00,805,805,264.59672227099793,269.1738366988586,343.2265144863916,23.258999122036876,14.698858647936786
10/28 13:20,805,805,266.2654320987654,269.7266313932981,307.5108759553204,23.52469135802469,14.76219870664315
10/28 13:40,805,805,269.56932833669646,269.96857884116463,334.4035745171519,23.442346497549725,14.708849812626116
10/28 14:00,805,805,266.40247410817034,269.8322784810127,357.55034522439587,23.467347525891828,14.66800920598389
10/28 14:20,805,805,251.9676101546542,269.7852348993289,410.3883863437409,23.441056317478843,14.942223519112927
10/28 14:40,805,805,257.3566473988439,272.3936416184971,324.62398843930634,23.47413294797688,14.710982658959537
10/28 15:00,805,805,257.3479396401625,270.75217643644805,272.54556006964594,23.434416715031922,15.004352872896112
10/28 15:20,805,805,254.9294325198471,267.9785357247868,232.12290502793297,23.383416642164068,14.90708615113202
10/28 15:40,805,805,263.60968578841164,264.838281925627,217.88498126261172,23.509945229172672,14.760449697319112
10/28 16:00,805,805,260.22966934763184,261.09830205540663,212.33452487339886,23.49836163240989,14.723264819779565
10/28 16:20,805,805,262.75249621785173,260.02208774583966,213.1497730711044,23.486384266263236,14.659606656580937
10/28 16:40,805,805,262.3906485671192,259.0549019607843,212.18853695324285,23.39125188536953,14.752036199095024
10/28 17:00,805,805,261.921146953405,256.47968936678615,211.58661887694146,23.2942054958184,14.855137395459977
10/28 17:20,805,805,262.44669009958994,255.24370240187463,202.6370826010545,23.330843585237258,15.097246631517281
10/28 17:40,805,805,258.93932183224274,253.77572873289708,196.93961927424152,23.335365853658537,15.314991076740036
10/28 18:00,805,805,259.1940254362615,253.2312925170068,200.19461697722568,23.186187518485657,15.15173025732032
10/28 18:20,805,805,260.3028211284514,250.71998799519807,190.89975990396158,23.110744297719087,15.295918367346939
10/28 18:40,805,805,256.6244862008221,249.8623018203171,195.37081620669406,23.002201996476806,15.210510863182618
10/28 19:00,805,805,252.4978466838932,248.21762848119437,198.40424921045076,22.943583118001722,15.438702268159632
10/28 19:20,805,805,255.83347541915316,250.7374254049446,196.99317988064792,22.91005967604433,15.263995453253765
10/28 19:40,805,805,256.24499714122356,248.29388221841052,201.21612349914236,22.749571183533448,15.073756432246999
10/28 20:00,805,805,254.45410071942447,247.45093525179857,199.04776978417266,22.778705035971225,15.16
10/28 20:20,805,805,256.61815561959656,247.05158501440923,199.1028818443804,22.77363112391931,15.060806916426513
10/28 20:40,805,805,256.11314285714286,246.88114285714286,199.0097142857143,22.731857142857145,14.926857142857143
10/28 21:00,805,805,256.82453102453104,245.56652236652238,196.32525252525252,22.810678210678212,15.015295815295815
10/28 21:20,805,805,257.56956004756245,245.53061831153389,178.7832936979786,22.720273483947683,14.861177170035672
10/28 21:40,805,805,255.28382741414734,244.64396830055767,176.25447607866158,22.771059583211038,14.898737892574113
10/28 22:00,805,805,253.0979440319817,243.03112507138778,160.20559680182754,22.73715019988578,14.687607081667618
10/28 22:20,805,805,251.5628675441053,243.23410809297116,179.9551946233548,22.619854382525904,14.772612713525623
10/28 22:40,805,805,249.06681896059393,243.09051970302684,166.3563677898344,22.63563677898344,14.591376356367789
10/28 23:00,805,805,249.600129617628,241.3395981853532,150.35644847699288,22.63302009073234,6.623136746597537
10/28 23:20,805,805,257.57295262001884,238.59428930028238,142.90367116410417,22.579541888923753,6.356761844995293
10/28 23:40,805,805,249.51905465288036,238.98700147710488,160.06203840472674,22.540177252584932,7.0573116691285085
10/29 0:00,805,805,246.89728625620077,239.0741173037642,150.3997665596732,22.492413189378464,7.65800992121389
10/29 0:20,805,805,252.16074096205557,238.56319091723933,132.07319988049,22.421870331640275,8.775918733193905
10/29 0:40,805,805,250.77870315288519,237.58358120166568,137.6540749553837,22.402439024390244,9.416716240333136
10/29 1:00,805,805,251.56194427978662,237.22258446947242,138.30705394190872,22.465174866627148,9.965619442797866
10/29 1:20,805,805,246.43032427695005,236.88577271399356,155.53900087642418,22.468886941279578,10.054046158340636
10/29 1:40,805,805,248.41389913899138,237.480012300123,129.4960024600246,22.473862238622385,10.068573185731857
10/29 2:00,805,804.6,252.67685450493474,236.91531359439668,113.90767271569564,22.43728112066221,9.752308182107608
10/29 2:20,805,804.2,247.1039039039039,235.9036036036036,117.8990990990991,22.37087087087087,9.526126126126126
10/29 2:40,805,805,248.2406976744186,234.46453488372094,130.084011627907,22.322093023255814,9.620348837209303
10/29 3:00,805,805,254.37986704653372,232.49952516619183,118.67711301044635,22.283317505539728,10.080405191516302
10/29 3:20,805,805,256.15524805939924,231.47114411069862,113.60074249071887,22.289233884576444,10.070874114073574
10/29 3:40,805,804.3846153846154,256.4424695977549,232.28406610539446,145.6682257561584,22.296538821328344,9.825693794823822
10/29 4:00,805,805,252.80281277468504,234.81511866393203,149.03252270729564,22.36888368004688,9.810137708760621
10/29 4:20,805,805,259.33816425120773,234.58872785829308,118.84412238325282,22.581642512077295,10.217391304347826
10/29 4:40,805,805,263.0274547803618,233.8875968992248,140.3969638242894,22.440083979328165,10.166020671834625
10/29 5:00,805,804.3,262.01853690830853,232.5309500165508,126.13505461767626,22.629261833829858,10.502151605428667
10/29 5:20,805,803.2,263.15993640699526,233.6368839427663,147.80095389507153,22.75039745627981,10.479491255961845
10/29 5:40,805,802.7142857142857,260.5033618581907,233.45812958435206,156.30042787286064,22.674816625916872,11.67573349633252
10/29 6:00,805,805,254.25981094242337,233.69235176167288,171.69235176167288,22.707533657977656,12.203380120309367
10/29 6:20,805,804.0555555555555,254.07088607594937,236.11448663853727,204.00168776371308,22.528129395218002,12.134739803094233
10/29 6:40,805,796.2564102564103,249.64202008928572,238.689453125,267.79185267857144,22.57421875,12.182198660714286
10/29 7:00,805,779.0588235294117,250.7681525091113,242.46846089150546,297.50294365012616,22.421362489486963,12.11354079058032
10/29 7:20,805,747.5066666666667,254.68048165779894,246.18146177541306,300.57714925791095,22.4724166900028,12.139176701204144
10/29 7:40,805,707.3764705882353,251.113969571231,249.64840940525588,392.597510373444,22.398755186721992,12.267219917012449
10/29 8:00,805,650.5747126436781,249.1950780312125,254.0999399759904,493.875150060024,22.49609843937575,12.244597839135654
10/29 8:20,805,600.5051546391752,236.95556218311958,259.9889651058753,481.66626901282433,22.65195347450045,12.280047718461079
10/29 8:40,805,543.4774774774775,236.98265550239233,266.3717105263158,454.8732057416268,22.66910885167464,12.47517942583732
10/29 9:00,805,471.8606557377049,240.52118138424822,269.0062649164678,455.13752983293557,22.670644391408114,12.224045346062052
10/29 9:20,805,411.68992248062017,259.0077380952381,273.14970238095236,471.1779761904762,22.776190476190475,12.156845238095238
10/29 9:40,805,389.1020408163265,256.7982753310748,275.7376039421004,497.4816753926702,22.99661225746843,12.222667077302125
10/29 10:00,805,396.43689320388347,256.12504258943784,279.9107325383305,596.6647359454855,23.03458262350937,12.270187393526406
10/29 10:20,805,409.216,250.13896848137537,291.2525071633238,673.2743553008596,23.25358166189112,13.090974212034384
10/29 10:40,805,442.1524390243902,252.262874251497,295.4050898203593,520.7691616766467,23.299700598802396,12.891317365269462
10/29 11:00,805,471.7151515151515,256.11240657698056,297.56173393124067,484.2062780269058,23.343796711509714,12.696860986547085
10/29 11:20,805,469.85,266.2691511387164,294.6512866015972,444.8627624963029,23.371635610766045,12.673765158237208
10/29 11:40,805,487.8421052631579,264.73874893857914,296.0056609114067,396.2779507500708,23.289414095669404,13.265496744975941
10/29 12:00,805,440.6204379562044,258.911131059246,293.88988629563136,508.15110712148413,23.197336923997607,12.865050867743866
10/29 12:20,805,407.54545454545456,264.1659206207102,294.7233661593554,471.6156371232468,23.175768427335125,12.278125932557446
10/29 12:40,805,389.50485436893206,279.1653261840929,294.7959487637772,468.7837354781054,23.245159368483765,12.095918975275543
10/29 13:00,805,364.13709677419354,270.31240918337693,294.3560011624528,462.6434176111595,23.286108689334498,12.58151700087184
10/29 13:20,805,362.2970297029703,269.99830028328614,295.3116147308782,389.1929178470255,23.31416430594901,13.604815864022664
10/29 13:40,805,359.87735849056605,259.8382857142857,291.6482857142857,335.876,23.309428571428572,13.281714285714285
10/29 14:00,805,356.8454545454546,266.3678489702517,289.51716247139586,262.6478832951945,23.318220823798626,13.376144164759726
10/29 14:20,805,372.3333333333333,268.99494239955044,285.4776622646811,237.6926102837876,23.372857544254003,13.488339421185726
10/29 14:40,805,388.6296296296296,271.0293187697614,280.4294337453291,226.19775797643,23.368065536073583,14.326818051164128
10/29 15:00,805,405.25531914893617,270.02322163433274,276.3450911228689,217.23809523809524,23.296884185773074,13.817166372721928
10/29 15:20,805,428.4831460674157,260.9330409356725,273.5315789473684,212.2795321637427,23.385233918128655,13.307309941520467
10/29 15:40,805,449.3469387755102,258.4439183190293,270.86682450429123,210.06451612903226,23.339005622965374,13.229653743711157
10/29 16:00,805,449.25,260.7427141595525,267.32734765969974,208.41654400942008,23.233882837798056,13.14748307329997
10/29 16:20,805,444.07954545454544,252.8643514395963,264.010982487385,207.36123478777085,23.178242802018403,13.211932324131789
10/29 16:40,805,463.6862745098039,248.01358695652175,262.63375603864733,206.6947463768116,23.156400966183575,13.167270531400966
10/29 17:00,805,478.87692307692305,253.572213740458,261.03419847328246,206.00335877862597,23.28992366412214,13.17618320610687
10/29 17:20,805,499.9193548387097,245.88185907046477,258.60599700149925,206.12683658170914,23.039580209895053,13.48335832083958
10/29 17:40,805,524.3695652173913,251.28532934131738,257.87844311377245,207.3565868263473,22.92245508982036,13.911976047904192
10/29 18:00,805,549.9272727272727,253.0364336492891,256.34656398104266,207.93868483412322,22.987707345971565,13.61404028436019
10/29 18:20,805,562.6666666666666,262.9345960343297,255.84018940514946,208.47351287363125,22.922166321396862,13.461083160698431
10/29 18:40,805,578,247.70543806646526,254.91752265861027,208.61722054380664,22.796978851963747,15.6392749244713
10/29 19:00,805,597.1470588235294,245.42857142857142,254.2528600762687,208.75711352302727,22.717952478732766,16.964212378996773
10/29 19:20,805,614.5172413793103,247.67343336275374,251.76287143277435,206.15328037658134,22.645778170050015,13.572815533980583
10/29 19:40,805,634.4347826086956,251.76101190476192,254.18392857142857,199.46517857142857,22.67797619047619,13.720238095238095
10/29 20:00,805,654.6296296296297,254.29295942720765,250.6178400954654,211.04982100238664,22.53296539379475,13.726133651551313
10/29 20:20,805,671.03125,253.1710407239819,250.64524886877828,204.5918552036199,22.423831070889893,13.8473604826546
10/29 20:40,805,686.4166666666666,257.9570815450644,249.72378908645004,200.40711220110362,22.476854690374005,15.429184549356224
10/29 21:00,805,693.6470588235294,258.13093093093096,248.8033033033033,203.3963963963964,22.456006006006007,18.37057057057057
10/29 21:20,805,700.4666666666667,257.9573847051956,249.97051955633393,196.3604786923526,22.659661412726212,14.92790426152948
10/29 21:40,805,709.8421052631579,259.23543191800877,248.94612005856516,191.89663250366033,22.643631039531478,14.167203513909223
10/29 22:00,805,719.3157894736842,258.1970887918486,249.05414847161572,193.25443959243086,22.63173216885007,14.08791848617176
10/29 22:20,805,723,253.87145839546676,247.73903966597078,161.88666865493587,22.64121682075753,13.93438711601551
10/29 22:40,805,726.0909090909091,254.72190692395006,246.04965947786607,183.78178206583428,22.711265607264473,14.326617480136209
10/29 23:00,805,803.3636363636364,254.6789340101523,244.48477157360406,155.84993654822335,22.70352157360406,5.971763959390863
10/29 23:20,805,803.6666666666666,254.58013283280394,245.1570892289922,164.4423909904707,22.678602367889113,8.10077967080566
10/29 23:40,805,805,255.3102957906712,244.21814562002277,169.64732650739478,22.58788395904437,10.09584755403868
10/30 0:00,805,805,257.19787234042553,241.95714285714286,126.06808510638298,22.589057750759878,10.576595744680851
10/30 0:20,805,805,250.50384733764236,241.93905817174516,130.4013542628501,22.298091720529392,10.770390889504464
10/30 0:40,805,805,248.19624730852047,242.47093202091665,136.66318055982774,22.55075361427253,10.529375576745617
10/30 1:00,805,805,247.6449880668258,239.68914081145584,148.8198090692124,22.52192720763723,10.718078758949881
10/30 1:20,805,805,249.43524829600779,239.30704316780268,122.15741642323921,22.629178838039596,10.694579681921454
10/30 1:40,805,805,249.9368811881188,235.0782797029703,130.52351485148515,22.607982673267326,10.710086633663366
10/30 2:00,805,805,253.42611060743428,235.22212148685404,133.11634935025688,22.503475370202477,10.748262314898762
10/30 2:20,805,805,264.607250755287,234.34712990936555,129.04954682779456,22.50634441087613,10.567371601208459
10/30 2:40,805,805,254.95014662756597,235.71554252199414,112.51743238840012,22.581296839361354,10.684587813620071
10/30 3:00,805,805,260.65736934820904,233.6312389900176,143.47886083382267,22.319436288901937,10.968291250734
10/30 3:20,805,805,258.7816377171216,235.56854838709677,124.39857320099256,22.44928660049628,10.82227047146402
10/30 3:40,805,805,261.3505498167278,233.72042652449184,119.6157947350883,22.346217927357547,11.012329223592136
10/30 4:00,805,805,264.67025981205086,234.30099502487562,186.3391376451078,22.254007739082365,10.98203427307905
10/30 4:20,805,805,266.62603192074846,235.84012107870115,185.31893230599889,22.336268574573474,10.993946064942213
10/30 4:40,805,805,267.8724886150549,237.30859898205196,182.66889900884007,22.387891776051433,11.507098848111438
10/30 5:00,805,805,280.04887005649715,236.9539548022599,167.9180790960452,22.359322033898305,12.748305084745763
10/30 5:20,805,805,282.94998528979113,237.6548984995587,163.7052074139453,22.421006178287733,12.543983524566048
10/30 5:40,805,804.2857142857143,277.6322580645161,236.98316970546983,158.22636746143058,22.395511921458624,12.634782608695652
10/30 6:00,805,801.5,280.98206537460226,236.8423488573908,158.99710731848424,22.28753254266705,12.708417703210877
10/30 6:20,805,794.25,282.3784624081402,238.4169022046354,172.51724137931035,22.24392312040701,12.763143018654608
10/30 6:40,805,788.2285714285714,285.31262190025075,239.6734466425188,190.38757314015047,22.22387851769295,13.09640568403455
10/30 7:00,805,775.8809523809524,286.7895329206528,239.4001125492403,188.84468204839618,22.212858750703433,13.215813168261114
10/30 7:20,805,756.6491228070175,281.68357959297464,240.28603289657096,190.91106774463339,22.180931140228605,13.077502090883748
10/30 7:40,805,724.8101265822785,280.59843370240344,242.3110991088307,205.84364029165542,22.23521469079125,13.455846610856062
10/30 8:00,805,662.2528735632184,289.4864785420341,244.36184597295707,229.39594356261023,22.31393298059965,14.373603762492651
10/30 8:20,805,609,289.6275327771156,244.94696066746127,227.0828367103695,22.13095947556615,14.370679380214542
10/30 8:40,805,573.3404255319149,299.38518299881935,247.28305785123968,228.50737898465172,22.287780401416764,14.269775678866589
10/30 9:00,805,517.25,309.7940307328605,249.87559101654847,243.52423167848698,22.333924349881798,14.411052009456265
10/30 9:20,805,442.8313253012048,306.8397058823529,250.07911764705884,264.54,22.32735294117647,14.323235294117646
10/30 9:40,805,408.1,310.12485481997675,252.23373983739836,234.24825783972125,22.475029036004646,14.459059233449477
10/30 10:00,805,406.13675213675214,307.71824480369514,253.92205542725173,240.97719399538107,22.484122401847575,14.401847575057737
10/30 10:20,805,404.79245283018867,306.98135741334113,254.56685115059716,250.3897465773376,22.56554034372269,14.143606175356831
10/30 10:40,805,392.5570469798658,307.8656323185012,254.6378805620609,280.6577868852459,22.783957845433257,14.502341920374707
10/30 11:00,805,314.52486187845307,298.430559500142,256.8889520022721,343.27833001988074,22.784720249929,14.493893780176087
10/30 11:20,805,291.4172185430464,311.8575531303848,259.0045950603102,294.36358414704193,22.67044801838024,14.300114876507754
10/30 11:40,805,301.60693641618496,304.5650289017341,259.3040462427746,284.6661849710983,22.66936416184971,14.207514450867052
10/30 12:00,805,294.05625,306.30767037353866,261.4562303963502,291.8112346735101,22.699173082406617,15.090105503279156
10/30 12:20,805,220.74545454545455,305.93486020226055,262.3536585365854,417.586258179655,22.7791493158834,14.595478881618085
10/30 12:40,805,192.0810810810811,302.65603779155595,266.7877177443165,423.2459403602008,22.763064658990256,14.777088869205787
10/30 13:00,805,201.125,295.54726205997395,271.96740547588007,537.6163624511082,22.83751629726206,15.659713168187745
10/30 13:20,805,215.50485436893203,292.01551891367603,277.98803750404136,575.3058519236987,22.876495311994827,15.900096993210475
10/30 13:40,805,235.79591836734693,288.5694893341952,285.83807369101487,488.7831286360698,22.9240465416936,15.565287653522947
10/30 14:00,805,243.3068181818182,301.8503798947984,286.0324371712449,360.71829339567506,22.940970192869667,15.204558737580362
10/30 14:20,805,253.6235294117647,303.5835903763109,284.6128932757557,492.0700185070944,22.878315854410857,16.117828500925356
10/30 14:40,805,260.531914893617,313.40325552825556,287.45730958230956,394.8968058968059,22.8507371007371,16.54699017199017
10/30 15:00,805,273.6354166666667,310.3817427385892,286.26615293420275,285.80231179608774,22.914048606994665,16.31209247184351
10/30 15:20,805,278.0808080808081,316.8454359871683,282.52726742490523,229.448235637212,22.878244386118403,16.04374453193351
10/30 15:40,805,270.2201834862385,318.56708200521587,279.39785569400175,212.13097652854245,22.83323674297305,16.048101999420457
10/30 16:00,805,290.1439393939394,337.5805184603299,272.5883739198743,206.385310290652,22.875098193244305,16.474076983503537
10/30 16:20,805,277.31067961165047,405.86315789473684,264.05263157894734,203.47206477732794,22.78016194331984,17.617004048582995
10/30 16:40,805,302.05882352941177,389.98838174273857,263.37676348547717,204.94771784232364,22.70124481327801,17.286307053941908
10/30 17:00,805,333.07246376811594,383.3234501347709,259.42677448337827,200.8230008984726,22.745732255166217,18.022461814914646
10/30 17:20,805,349.1111111111111,403.4503816793893,245.75572519083968,191.8091603053435,23.236641221374047,32.82442748091603